"name","phone","address","profile","google","existingClients","selectedSlug","qualification"
"А С Т Р А К А Р","+35952510822 | +359878908043 | +359899908040","град Варна, бул. Цар Освободител 282","https://astracar.mobile.bg/","https://www.google.com/maps/place/%D0%90%D1%81%D1%82%D1%80%D0%B0+%D0%BA%D0%B0%D1%80/data=!4m7!3m6!1s0x40a455005319425b:0xfcab063dcfe504e2!8m2!3d43.2346269!4d27.8549367!16s%2Fg%2F11w4bpnf9n!19sChIJW0IZUwBVpEAR4gTlzz0Gq_w?authuser=0&hl=en&g_ep=EgoyMDI2MTAwNy4wIJJjKgBIAVAD&rclk=1","clients/astracar","","existing-client-reuse"
"А У Т О Л А Й Ф","+359895766736","град Варна, На 3 км. от голямото кръгово под Метро, по път ГП4 на разклона за с.Тополи","https://autolife.mobile.bg/","","clients/autolife","","existing-client-reuse"
"АБЦ БЪЛГАРИЯ ЕООД","+359893324178","град Варна, ул. Орех 1","https://abcbulgaria.mobile.bg/","","","","not-reviewed"
"АВТОБОРСА МАНИЯ","+359899874488","град Варна, бул. Цар Освободител 345","https://mania.mobile.bg/","","clients/avtoborsa-mania","","existing-client-reuse"
"Автокъща Карина","+359888561395","bul. ""Tsar Osvoboditel"" 289","","https://www.google.com/maps/place/%D0%90%D0%B2%D1%82%D0%BE%D0%BA%D1%8A%D1%89%D0%B0+%D0%9A%D0%B0%D1%80%D0%B8%D0%BD%D0%B0/data=!4m7!3m6!1s0x40a45476008483af:0x347de841704bec52!8m2!3d43.2379665!4d27.8423585!16s%2Fg%2F11c75_jrw2!19sChIJr4OEAHZUpEARUuxLcEHofTQ?authuser=0&hl=en&g_ep=EgoyMDI2MTAwNy4wIJJjKgBIAVAD&rclk=1","","","needs-city-and-business-type-review"
"АВТОКЪЩА ПРИСЕЛЦИ","+359886251705","град Варна, бул. Цал Освободител, 285","https://priselci.mobile.bg/","","clients/priselci","","existing-client-reuse"
"АВТОКЪЩА СЕВИ КАР","+359888205072","град Варна, Главен път Е2 ВАРНА-СОФИЯ, 400м. след кръговото под Метро! GPS","https://sevicar.mobile.bg/","","","","not-reviewed"
"Автокъща Съни","","bul. ""Tsar Osvoboditel"" 273","","https://www.google.com/maps/place/%D0%90%D0%B2%D1%82%D0%BE%D0%BA%D1%8A%D1%89%D0%B0+%D0%A1%D1%8A%D0%BD%D0%B8/data=!4m7!3m6!1s0x40a45516073a1e17:0xa3ff57b40f452e94!8m2!3d43.2353203!4d27.8559216!16s%2Fg%2F11fnszs0gr!19sChIJFx46BxZVpEARlC5FD7RX_6M?authuser=0&hl=en&g_ep=EgoyMDI2MTAwNy4wIJJjKgBIAVAD&rclk=1","","","needs-city-and-business-type-review"
"Автокъща AutoHaus","+359888496666","до Макао Експрес, bul. ""Tsar Osvoboditel""","","https://www.google.com/maps/place/%D0%90%D0%B2%D1%82%D0%BE%D0%BA%D1%8A%D1%89%D0%B0+AutoHaus/data=!4m7!3m6!1s0x40a455b44d956ccf:0x5b6f4da5a1ae842f!8m2!3d43.2365815!4d27.8517356!16s%2Fg%2F11jr1rdbyb!19sChIJz2yVTbRVpEARL4SuoaVNb1s?authuser=0&hl=en&g_ep=EgoyMDI2MTAwNy4wIJJjKgBIAVAD&rclk=1","","","needs-city-and-business-type-review"
"Автокъща Unicar","+359897255855","bul. ""Tsar Osvoboditel"" 182в","","https://www.google.com/maps/place/%D0%90%D0%B2%D1%82%D0%BE%D0%BA%D1%8A%D1%89%D0%B0+Unicar/data=!4m7!3m6!1s0x40a455e1ebbb4a01:0x20b69f9c9e04c271!8m2!3d43.2351472!4d27.8597205!16s%2Fg%2F11q96ht9rp!19sChIJAUq76-FVpEARccIEnpyftiA?authuser=0&hl=en&g_ep=EgoyMDI2MTAwNy4wIJJjKgBIAVAD&rclk=1","","","needs-city-and-business-type-review"
"Автомобили Оникс Ауто","+359895464664","","","https://www.google.com/maps/place/%D0%90%D0%B2%D1%82%D0%BE%D0%BC%D0%BE%D0%B1%D0%B8%D0%BB%D0%B8+%D0%9E%D0%BD%D0%B8%D0%BA%D1%81+%D0%90%D1%83%D1%82%D0%BE/data=!4m7!3m6!1s0x40a5ab4cc02a5d5f:0xb9fd915a0c8c1654!8m2!3d43.2371567!4d27.8479939!16s%2Fg%2F11f528jk3t!19sChIJX10qwEyrpUARVBaMDFqR_bk?authuser=0&hl=en&g_ep=EgoyMDI2MTAwNy4wIJJjKgBIAVAD&rclk=1","","","needs-city-and-business-type-review"
"АВТОМОТОР ВАРНА АД","+359885735255","град Варна, Бул. Цар Освободител 277","https://am-varna.mobile.bg/","","","","not-reviewed"
"Автосалон М&G auto","+359895478847","град Варна, бул. Цар Освободител 282 , 250 м. вдясно след Дом на Камиона посока Аксково","https://mgauto.mobile.bg/","","","","not-reviewed"
"Автосалон СТАДИОНА","+359898838353","град Варна, бул.Цар Освободител-след Метро","https://stadiona.mobile.bg/","https://www.google.com/maps/place/%D0%90%D0%92%D0%A2%D0%9E%D0%A1%D0%90%D0%9B%D0%9E%D0%9D+%D0%A1%D0%A2%D0%90%D0%94%D0%98%D0%9E%D0%9D%D0%90/data=!4m7!3m6!1s0x40a45506521c847d:0x1df5fd65fb120bc6!8m2!3d43.2366211!4d27.8501439!16s%2Fg%2F11nfvdpzxf!19sChIJfYQcUgZVpEARxgsS-2X99R0?authuser=0&hl=en&g_ep=EgoyMDI2MTAwNy4wIJJjKgBIAVAD&rclk=1","","","not-reviewed"
"АВТОСАЛОН ТРАНС КАР","+359898504908","град Варна, бул.Цар Освободител 900 метра след Метро","https://transcar.mobile.bg/","","","","not-reviewed"
"автосалон Фокус","+359899811258","град Варна, бул. Цар Освободител 329","https://focus1.mobile.bg/","","","","not-reviewed"
"Автосалон BM Cars Varna","+359878648814","бул. Цар Освободител, Варна","https://www.cars.bg/company/bmcars/","https://www.google.com/maps/place/%D0%90%D0%B2%D1%82%D0%BE%D1%81%D0%B0%D0%BB%D0%BE%D0%BD+BM+Cars+Varna/data=!4m7!3m6!1s0x40a5ab4cf1f66dbb:0x6c79c4540e7992b9!8m2!3d43.237216!4d27.8460432!16s%2Fg%2F1pycx9nbg!19sChIJu2328UyrpUARuZJ5DlTEeWw?authuser=0&hl=en&g_ep=EgoyMDI2MTAwNy4wIJJjKgBIAVAD&rclk=1","","","needs-city-and-business-type-review"
"Автостъкла Варна","+359899244040","град Варна, кв. Владиславово, ул. Асен Разцветников (с/у МЕБЕЛИ ДОМИНО до ресторант Балкан)","https://avtostaklauran.mobile.bg/","","","","not-reviewed"
"АВТОТРЕЙД ООД Доставка и лизинг на нови и употребявани","+35952570700 | +359887693828","град Варна, Булевард Трети Март 59","https://vwvarna.mobile.bg/","https://www.google.com/maps/place/Autotrade+Ltd/data=!4m7!3m6!1s0x40a5ab3555e9cafd:0x77a545ed97410ebc!8m2!3d43.241323!4d27.8541731!16s%2Fg%2F1tct_y66!19sChIJ_crpVTWrpUARvA5Bl-1FpXc?authuser=0&hl=en&g_ep=EgoyMDI2MTAwNy4wIJJjKgBIAVAD&rclk=1","","","not-reviewed"
"Автоцентър Баваро","+359883590090","град Варна, бул. Цар Освободител 176, срещу бл. 107","https://bavaro.mobile.bg/","","","","not-reviewed"
"АВТОЧАСТИ ВТОРА УПОТРЕБА БАЛКАН КАР","+359895565610","град Варна, От МЕТРО,посока АКСАКОВО след последния светофар на 300 метра в дясно!","https://balkankar-varna.mobile.bg/","","","","non-passenger-or-specialist-review"
"АВТОЧАСТИ ФЕНИКС АГРО","+35952730364 | +359899968200","град Варна, бул. Сливница 191, срещу Мебелна палата","https://feniks.mobile.bg/","","","","non-passenger-or-specialist-review"
"Алианс Ауто Варна","+359887000306 | +35952505035 | +359887802060 | +359889706077","град Варна, бул.Владислав Варненчик 262","https://aauto.mobile.bg/","","","","not-reviewed"
"Атанасов","+359988864133","град Варна, Варна","https://atanasov.mobile.bg/","","","","not-reviewed"
"АУТО БОЛОНЯ","+359895646115","град Варна, разклон Виница, преди Картинг писта","https://autoshamacars.mobile.bg/","","","","not-reviewed"
"АУТО ЖО-ДИ","+359898545465","град Варна, бул. Цар Освободител, 300 м. след светофара за Владиславово","https://autojo-di.mobile.bg/","","","","not-reviewed"
"АУТО РИЧ","+359886857250","град Варна, Кайсиева градина","https://baev.mobile.bg/","","","","not-reviewed"
"Ауто-бора","+359897447696","град Варна, бул. Цар Освободител","https://autobora.mobile.bg/","","","","not-reviewed"
"АУТОМАРКЕТ ВАРНА","+359886424400","град Варна, бул. Цар Освободител, 300 м. вдясно, след Дом на Камиона посока летище.","https://automarket.mobile.bg/","","clients/automarket-varna","","existing-client-reuse"
"Аутофест","+359897855097 | +359895460139","град Варна, бул.'Цар Освободител' 1000 метра след Метро","https://autofest.mobile.bg/","","","autofest-varna","not-reviewed"
"Бавария","+359879030161","град Варна, бул. Цар Освободител до светофара за Владиславово","https://bavaria.mobile.bg/","","","","not-reviewed"
"БГ АГРО ЗЕМЕДЕЛСКА КОМПАНИЯ ЕООД","+359884010279","град Варна, ул.Генерал Колев 12","https://bgagro.mobile.bg/","","","","non-passenger-or-specialist-review"
"Борислав Колев","+359897906712 | +359882291159 | +359899960605","град Варна, гр. Варна","https://partmag.mobile.bg/","","","","not-reviewed"
"Босс ауто","+359889260555","bul. ""Tsar Osvoboditel"" 253","","https://www.google.com/maps/place/%D0%91%D0%BE%D1%81%D1%81+%D0%B0%D1%83%D1%82%D0%BE/data=!4m7!3m6!1s0x40a454b9636ce2c7:0xc17413de512392f3!8m2!3d43.2332648!4d27.8688896!16s%2Fg%2F11hbbsfcjl!19sChIJx-JsY7lUpEAR85IjUd4TdME?authuser=0&hl=en&g_ep=EgoyMDI2MTAwNy4wIJJjKgBIAVAD&rclk=1","","","needs-city-and-business-type-review"
"БУЛ-ПОЛ ТРЕЙД","+359898497580","град Варна, Петко Стайнов 1","https://bulpol.mobile.bg/","","","","not-reviewed"
"Булвария ЕООД","+359887407050","град Варна, бул. Ян Хунияди 7, над КАТ","https://opelnew.mobile.bg/","","","","not-reviewed"
"БУЛИТ","+359888312838","град Варна, бул'Цар Освободител'289-МЕТРО->Аксаковo-вдясно","https://bullet.mobile.bg/","","","","not-reviewed"
"Варна Кар Експрес","+359897964420 | +359899155902","град Варна, бул.'Цар Освободител' 200м. след Дом на Камиона посока Аксаково.","https://varnacarexpress.mobile.bg/","https://www.google.com/maps/place/Varna+Kar+Ekspres/data=!4m7!3m6!1s0x40a454ed37e486d5:0x1c543689fa85d261!8m2!3d43.2358451!4d27.8540202!16s%2Fg%2F1hdztdwxc!19sChIJ1YbkN-1UpEARYdKF-ok2VBw?authuser=0&hl=en&g_ep=EgoyMDI2MTAwNy4wIJJjKgBIAVAD&rclk=1","","","not-reviewed"
"ВЪЛКОВ КАРС","+359898685288","град Варна, бул. Цар Освободител, Преди изхода от града 500 м в ляво","https://valkovcars.mobile.bg/","","","","not-reviewed"
"ГРАНД АУТО ВАРНА","+359889811120","град Варна, бул. Цар Освободител 289, до Макао посока Аксаково","https://grand-auto.mobile.bg/","https://www.google.com/maps/place/Car+Dealer/data=!4m7!3m6!1s0x40a4555ae97f1e77:0xe3f399966bafd281!8m2!3d43.2381034!4d27.8440898!16s%2Fg%2F11yzt9f8dk!19sChIJdx5_6VpVpEARgdKva5aZ8-M?authuser=0&hl=en&g_ep=EgoyMDI2MTAwNy4wIJJjKgBIAVAD&rclk=1","","","not-reviewed"
"ДайнАуто","+359899117330","град Варна, ул. Петър Дертлиев 34","https://deinauto.mobile.bg/","","","","not-reviewed"
"Дидо Ауто","+359899175949","град Варна, бул. Цар Освободител","https://dido_auto.mobile.bg/","","","","not-reviewed"
"ДС Варна Ауто ООД","+359896898856","град Варна, ул.Прилеп 70","https://dsvarnaauto.mobile.bg/","","","","not-reviewed"
"ЕВРОКАР","+359879430777 | +359879586878","град Варна, бул. Цар Освободител /до Дом на Камиона/","https://eurocar6.mobile.bg/","","","","not-reviewed"
"ЕВРОКАР ВАРНА 09","+359897002225","град Варна, бул. Цар Освободител, след Метро, преди светофара за JUMBO","https://evrocarvarna09.mobile.bg/","","","","not-reviewed"
"Европа","+359887600565 | +359887616655","град Варна, бул. Хр.Смирненски / до Вятърна мелница/","https://evropavarna.mobile.bg/","","","","not-reviewed"
"ЕКСПРЕС АУТО","+359888885453","град Варна, бул.Цар Освободител 311","https://express_auto.mobile.bg/","","","","not-reviewed"
"Експрес Кар ООД","+35952300946 | +359885444700 | +359885588170","град Варна, бул. Владислав Варненчик 322","https://mazda_varna.mobile.bg/","","","","not-reviewed"
"ЕКСТРА КАР-СМ","+359899968555 | +359895762645","град Варна, бул. Цар Освободител, преди светофара за Джъмбо","https://extracar-sm.mobile.bg/","","clients/extra-car-sm","","existing-client-reuse"
"Елегант кар","+359888554972 | +359877910051","град Варна, бул. Цар Освободител разклона за Владиславово","https://elegantcar.mobile.bg/","","","","not-reviewed"
"Иво Ауто","+359878720035 | +359898300036","град Варна, бул. Цар Освободител 256","https://ivoauto-varna.mobile.bg/","","clients/ivo-auto","","existing-client-reuse"
"К&K AUTO","+359899818608","град Варна, ул. 3та 18","https://kk-auto.mobile.bg/","","","","not-reviewed"
"Кало 0404","+359878483604","град Варна, бул. Цар Освободител","https://kalo.mobile.bg/","","","","not-reviewed"
"КАЛО КАРС","+359876055588","град Варна, до кръстовището на бул. Цар Освободител и бул. Константин и Фружин, под Джъмбо","https://kalokars.mobile.bg/","https://www.google.com/maps/place/%D0%9A%D0%B0%D0%BB%D0%BE+%D0%9A%D0%B0%D1%80%D1%81/data=!4m7!3m6!1s0x40a455d8c6d96fe7:0x7fba9b0e3448a122!8m2!3d43.2367239!4d27.8499309!16s%2Fg%2F11hnw4rc80!19sChIJ52_ZxthVpEARIqFINA6bun8?authuser=0&hl=en&g_ep=EgoyMDI2MTAwNy4wIJJjKgBIAVAD&rclk=1","","","not-reviewed"
"Калчев Ауто","+359879699644","6RHC+J7","","https://www.google.com/maps/place/%D0%9A%D0%B0%D0%BB%D1%87%D0%B5%D0%B2+%D0%90%D1%83%D1%82%D0%BE/data=!4m7!3m6!1s0x40a5ad2cf48867dd:0xf0f55f6d36467c46!8m2!3d43.2289749!4d27.8206979!16s%2Fg%2F11k54lz1c1!19sChIJ3WeI9CytpUARRnxGNm1f9fA?authuser=0&hl=en&g_ep=EgoyMDI2MTAwNy4wIJJjKgBIAVAD&rclk=1","","","needs-city-and-business-type-review"
"КАНДЕКС ГРУП ЕООД","+359889324240","град Варна, складове във Варна, София, Пловдив, Бургас","https://candexgroup.mobile.bg/","","","","not-reviewed"
"КАПИТОЛ - АВТОМОБИЛИ С ГАРАНТИРАН ПРОИЗХОД, ЛИЗИНГ","+359878720052","град Варна, бул. Цар Освободител 236","https://kapitol.mobile.bg/","https://www.google.com/maps/place/%D0%9A%D0%B0%D0%BF%D0%B8%D1%82%D0%BE%D0%BB/data=!4m7!3m6!1s0x40a454b0bc39f095:0xa369faa4b28aa988!8m2!3d43.2342161!4d27.8607073!16s%2Fg%2F11by_df9h3!19sChIJlfA5vLBUpEARiKmKsqT6aaM?authuser=0&hl=en&g_ep=EgoyMDI2MTAwNy4wIJJjKgBIAVAD&rclk=1","clients/kapitol-varna","","existing-client-reuse"
"КАРИДА АУТО","+359878683689","град Варна, бул. Цар Освободител, 200 м след последния светофар за Владиславово, вляво !","https://karidaauto.mobile.bg/","","","","not-reviewed"
"Карком","+359895518318","град Варна, бул. Цар Освободител 465","https://toyotavarna.mobile.bg/","","","","not-reviewed"
"КЛАСИК","+359896655504","град Варна, ГП4,посока София,1 километър след отбивката за Тополи в ляво","https://classic.mobile.bg/","","","","not-reviewed"
"Колеви Ауто","+359878431141","град Варна, бул. Цар Освободител","https://kolevi_auto.mobile.bg/","","","","not-reviewed"
"Комплекс Кат Варна","","бул. Цар Освободител 204, Варна","","https://www.google.com/maps/place/%D0%9A%D0%BE%D0%BC%D0%BF%D0%BB%D0%B5%D0%BA%D1%81+%D0%9A%D0%B0%D1%82+%D0%92%D0%B0%D1%80%D0%BD%D0%B0/data=!4m7!3m6!1s0x40a4551d1d872d69:0xba78efc2ce345d20!8m2!3d43.2347696!4d27.8675948!16s%2Fg%2F11l0cs_skr!19sChIJaS2HHR1VpEARIF00zsLveLo?authuser=0&hl=en&g_ep=EgoyMDI2MTAwNy4wIJJjKgBIAVAD&rclk=1","","","needs-city-and-business-type-review"
"КООПЕРАЦИЯ АУТОМОТОР","+359885880340","град Варна, бул. Владислав Варненчик 184","https://automoto.mobile.bg/","","","","not-reviewed"
"Крис","+359899927244","град Варна, гр. Варна, бул. ,,Цар Освободител Номер#355А","https://kris.mobile.bg/","","","","not-reviewed"
"Кристера Агро ЕООД","+359886770270","град Варна, Княз Борис I 111","https://kristeraagro.mobile.bg/","","","","non-passenger-or-specialist-review"
"ЛЗ яхтинг","+359887887667","град Варна, ул. Никола Вапцаров 5","https://lzyachting.mobile.bg/","https://www.google.com/maps/place/%D0%9B%D0%97+%D0%AF%D1%85%D1%82%D0%B8%D0%BD%D0%B3+1991/data=!4m7!3m6!1s0x40a453e398df4c79:0x8ce54e256250de74!8m2!3d43.1922577!4d27.9211927!16s%2Fg%2F1q5bllrd1!19sChIJeUzfmONTpEARdN5QYiVO5Yw?authuser=0&hl=en&g_ep=EgoyMDI2MTAwNy4wIJJjKgBIAVAD&rclk=1","","","non-passenger-or-specialist-review"
"Лион Ауто","+359895753001","град Варна, бул.Цар Освободител третата автокъща в ляво след Италмодо","https://lionauto1.mobile.bg/","https://www.google.com/maps/place/%D0%9B%D0%B8%D0%BE%D0%BD+%D0%90%D1%83%D1%82%D0%BE+%D0%92%D0%B0%D1%80%D0%BD%D0%B0/data=!4m7!3m6!1s0x40a4550068fe194b:0x849a11bd714937cc!8m2!3d43.2361605!4d27.8518171!16s%2Fg%2F11vq08z0sw!19sChIJSxn-aABVpEARzDdJcb0RmoQ?authuser=0&hl=en&g_ep=EgoyMDI2MTAwNy4wIJJjKgBIAVAD&rclk=1","","","not-reviewed"
"М Кар","+35952918093","бул. Владислав Варненчик 320, 9023 Варна","","","","","needs-city-and-business-type-review"
"МИРАЖ АУТО","+359893777706","град Варна, бул. Цар Освободител 230, срещу МЕТРО до автогуми Жижо","https://miraj_auto.mobile.bg/","https://www.google.com/maps/place/%D0%9C%D0%B8%D1%80%D0%B0%D0%B6+%D0%90%D1%83%D1%82%D0%BE+%D0%95%D0%9E%D0%9E%D0%94/data=!4m7!3m6!1s0x40a4551e21291e11:0x5ae7a8430ed83159!8m2!3d43.2339041!4d27.8620287!16s%2Fg%2F11rz55snnf!19sChIJER4pIR5VpEARWTHYDkOo51o?authuser=0&hl=en&g_ep=EgoyMDI2MTAwNy4wIJJjKgBIAVAD&rclk=1","","","not-reviewed"
"МЛАДОСТ 2 - Внос на автомобили от западна Европа","+359895324074 | +359897873671","град Варна, бул. Цар Освободител 290","https://mladost2.mobile.bg/","https://www.google.com/maps/place/%D0%90%D0%B2%D1%82%D0%BE%D0%BA%D1%8A%D1%89%D0%B0+%D0%9C%D0%BB%D0%B0%D0%B4%D0%BE%D1%81%D1%82/data=!4m7!3m6!1s0x40a5abe14b85a98d:0xf8a92eba55cd18b2!8m2!3d43.2386752!4d27.8436824!16s%2Fg%2F11fr3b7gq4!19sChIJjamFS-GrpUARshjNVbouqfg?authuser=0&hl=en&g_ep=EgoyMDI2MTAwNy4wIJJjKgBIAVAD&rclk=1","","","not-reviewed"
"Монарх","+359877796170 | +359877277258","град Варна, Бул. Цар Освободител","https://monarh.mobile.bg/","https://www.google.com/maps/place/%D0%90%D0%B2%D1%82%D0%BE%D0%BA%D0%BE%D0%BC%D0%BF%D0%BB%D0%B5%D0%BA%D1%81+%D0%9C%D0%BE%D0%BD%D0%B0%D1%80%D1%85/data=!4m7!3m6!1s0x40a4550007841859:0xc5ac51a8160a2b5e!8m2!3d43.2333109!4d27.8908139!16s%2Fg%2F11yr3ps4cb!19sChIJWRiEBwBVpEARXisKFqhRrMU?authuser=0&hl=en&g_ep=EgoyMDI2MTAwNy4wIJJjKgBIAVAD&rclk=1","","","not-reviewed"
"Навара кар","+359899192300","град Варна, бул.'Цар Освободител' преди Италмодалуче, вдясно, посока Летище","https://navara.mobile.bg/","https://www.google.com/maps/place/Navara+Car/data=!4m7!3m6!1s0x40a45501adbb0b67:0x3529da283cfee780!8m2!3d43.2364963!4d27.85339!16s%2Fg%2F11gsmwd5j5!19sChIJZwu7rQFVpEARgOf-PCjaKTU?authuser=0&hl=en&g_ep=EgoyMDI2MTAwNy4wIJJjKgBIAVAD&rclk=1","clients/navara-car","","existing-client-reuse"
"НАСКАРС БГ","+359897090665","град Варна, Бул. Цар Освободител 287","https://nascars.mobile.bg/","","","","not-reviewed"
"НСО София ООД","+359899779990","град Варна, ул. Отец Паисий 7, Паркинг Лятно Кино Тракия","https://nsosofia.mobile.bg/","","","","not-reviewed"
"Одесос","+359888562865","град Варна, бул. 'Цар Освободител' на 400м. след 'МЕТРО'","https://odesos.mobile.bg/","https://www.google.com/maps/place/showroom+Odessoss/data=!4m7!3m6!1s0x40a454b3bc3e9f89:0xc248a7e94be7c50a!8m2!3d43.2354615!4d27.8536071!16s%2Fg%2F11dxbv7zbs!19sChIJiZ8-vLNUpEARCsXnS-mnSMI?authuser=0&hl=en&g_ep=EgoyMDI2MTAwNy4wIJJjKgBIAVAD&rclk=1","","","not-reviewed"
"Одисей-41","+359885203559","град Варна, ул. Атанас Москов","https://odisey.mobile.bg/","https://www.google.com/maps/place/Odisey+41/data=!4m7!3m6!1s0x40a453f5ec642f31:0x340b53a851e1b83f!8m2!3d43.2140169!4d27.8565242!16s%2Fg%2F1v_vrdl5!19sChIJMS9k7PVTpEARP7jhUahTCzQ?authuser=0&hl=en&g_ep=EgoyMDI2MTAwNy4wIJJjKgBIAVAD&rclk=1","","","not-reviewed"
"Оттима Ауто","+359887878838","град Варна, бул. Цар Освободител 275","https://ottimaauto.mobile.bg/","","","","not-reviewed"
"П Р Е С Т И Ж","+359897298385 | +359888502567","град Варна, бул.Цар Освободител 15-20м преди последния светофар за Владиславово в ляво","https://prestige.mobile.bg/","","clients/prestige-varna","","existing-client-reuse"
"Перфект Ауто","+359884266626 | +359888802226","град Варна, бул. Цар Освободител 110","https://perfektauto.mobile.bg/","https://www.google.com/maps/place/Perfekt+Auto+Lux/data=!4m7!3m6!1s0x40a454b162415673:0x1f87e0af62615f25!8m2!3d43.2266703!4d27.9041826!16s%2Fg%2F1tfbrcq8!19sChIJc1ZBYrFUpEARJV9hYq_ghx8?authuser=0&hl=en&g_ep=EgoyMDI2MTAwNy4wIJJjKgBIAVAD&rclk=1","clients/perfect-auto-varna","","existing-client-reuse"
"ПИТО КАР","+359888603085 | +35952300833","град Варна, пътя за Каменар, в дясно","https://pitocar2.mobile.bg/","","","","not-reviewed"
"ПИТО КАР","+359888603085 | +35952300833","град Варна, пътя за Каменар, в дясно","https://pitocar.mobile.bg/","","","","not-reviewed"
"ПМ КАРС ВАРНА","+359893698811","град Варна, бул. Света Елена 1","https://pmcarsvarna.mobile.bg/","","","","not-reviewed"
"Рено Тракс България - Варна","+359886616171","град Варна, бул. Сливница 234","https://renaulttrucksvn.mobile.bg/","","","","non-passenger-or-specialist-review"
"РИЧИ КАР","+359895636226","град Варна, УЛ.Янко Мустаков 39(след магазин ЕЛБА ,до спирка Черни Връх)","https://richicar.mobile.bg/","https://www.google.com/maps/place/%D0%A0%D0%98%D0%A7%D0%98+%D0%9A%D0%90%D0%A0/data=!4m7!3m6!1s0x40a5ab93d58fb777:0x7d21bc7d39bc228e!8m2!3d43.242815!4d27.8417823!16s%2Fg%2F11gsc47syl!19sChIJd7eP1ZOrpUARjiK8OX28IX0?authuser=0&hl=en&g_ep=EgoyMDI2MTAwNy4wIJJjKgBIAVAD&rclk=1","","","not-reviewed"
"Сити Карс","+359899867804","град Варна, ул. 'Перекоп' 2","https://city_cars.mobile.bg/","","","city-cars-varna","not-reviewed"
"Скай Рентс ООД","+359892253283 | +359877148915 | +359898303090","град Варна, Местност Сълзица","https://skyrentsvarna.mobile.bg/","","","","not-reviewed"
"София Франс Ауто - Варна","+35952554112","град Варна, Автомагистрала Хемус 66, преди отбивката за летище Варна","https://peugeot.mobile.bg/","","","","not-reviewed"
"Специал Кар","+359893557367","град Варна, бул. Цар Освободител 324","https://specialcarood.mobile.bg/","","","","not-reviewed"
"Спринт ауто","+359888006224","град Варна, бул. Цар Освободител,втората автокъща след Тилком и Италмодалуче посока Аксаково","https://sprint.mobile.bg/","https://www.google.com/maps/place/%D0%A1%D0%BF%D1%80%D0%B8%D0%BD%D1%82/data=!4m7!3m6!1s0x40a454b312989263:0x272c495843e76a7d!8m2!3d43.2360897!4d27.8520619!16s%2Fg%2F11b7h58y3l!19sChIJY5KYErNUpEARfWrnQ1hJLCc?authuser=0&hl=en&g_ep=EgoyMDI2MTAwNy4wIJJjKgBIAVAD&rclk=1","","","not-reviewed"
"СТЕФАН КАР -внос и продажба на автомобили","+359888229977","град Варна, бул. Цар Освободител 500 метра след метро","https://stefancar.mobile.bg/","https://www.google.com/maps/place/%D0%A1%D1%82%D0%B5%D1%84%D0%B0%D0%BD+%D0%9A%D0%B0%D1%80/data=!4m7!3m6!1s0x40a454b3eb3d5c3d:0xb4dc854b58d02e7c!8m2!3d43.235814!4d27.8544262!16s%2Fg%2F11hd6xms0z!19sChIJPVw967NUpEARfC7QWEuF3LQ?authuser=0&hl=en&g_ep=EgoyMDI2MTAwNy4wIJJjKgBIAVAD&rclk=1","","","not-reviewed"
"СЪНИ","+359898644464","град Варна, бул. Цар Освободител 256","https://sunny.mobile.bg/","","","","not-reviewed"
"Сhampion Auto","+359899736225","град Варна, бул. Цар Освободител 210, до изхода на КАТ","https://champion.mobile.bg/","https://www.google.com/maps/place/Champion+Auto/data=!4m7!3m6!1s0x40a45590e4bf3409:0x96e98bee798b3dc2!8m2!3d43.2336232!4d27.8675644!16s%2Fg%2F11yfc9m4r9!19sChIJCTS_5JBVpEARwj2Lee6L6ZY?authuser=0&hl=en&g_ep=EgoyMDI2MTAwNy4wIJJjKgBIAVAD&rclk=1","","","not-reviewed"
"Теси Кар","+359886965047 | +359898694330","град Варна, бул. 'Цар Освободител посока Аксаково последен в ляво","https://tesicar.mobile.bg/","https://www.google.com/maps/place/Tessie+car/data=!4m7!3m6!1s0x40a5ab4e97c02907:0xb9a6eb0e9508c80d!8m2!3d43.2385421!4d27.842613!16s%2Fg%2F1tfrqdyz!19sChIJBynAl06rpUARDcgIlQ7rprk?authuser=0&hl=en&g_ep=EgoyMDI2MTAwNy4wIJJjKgBIAVAD&rclk=1","clients/tesi-car-varna","","existing-client-reuse"
"Тесла БГ","+359895762847","град Варна, ул. Прилеп 112","https://tesla.mobile.bg/","","","","not-reviewed"
"ТЕХНОКАР ЕООД ОТОРИЗИРАН ДИЛЪР НА НОВИ И ВТОРА РЪКА АВТОМОБИЛИ ОТ МАРКАТА ХЮНДАЙ","+359888605466","град Варна, бул. Владислав Варненчик 310","https://technocar.mobile.bg/","","","","not-reviewed"
"Тони Ем","+359889515000","град Варна, бул. Янош Хуняди 95 ( до Пароцентралата)","https://tonyem4m.mobile.bg/","","","","not-reviewed"
"ТракЛенд ЕООД","+359895664675","град Варна, Сълзица","https://trackland.mobile.bg/","","","","non-passenger-or-specialist-review"
"Триумф","+359898547765","град Варна, бул. Цар Освободител","https://triumf.mobile.bg/","","","","not-reviewed"
"Триумф Аутомотив","+359875779797","град Варна, Южна Промишлена Зона","https://triumfautomotive.mobile.bg/","","","","not-reviewed"
"УНИТРЕЙД","+359887479224","град Варна, бул. Цар Освободител-след последния светофар за Владиславово 200 метра вляво","https://unitrade.mobile.bg/","","","","not-reviewed"
"ФЮЖЪН АУТО","+359883374712 | +359879888461","град Варна, Пътя за село Тополи, 200 м след Темпо Бетони в ляво, зад Автосервиз и ГТП Тандем","https://fusionauto.mobile.bg/","","","","not-reviewed"
"Х CAR","+359988975522","град Варна, Север, бул. Владислав Варненчик","https://xcar.mobile.bg/","https://www.google.com/maps/place/X+CAR+Varna/data=!4m7!3m6!1s0x40a5ab889e026ce7:0x1969fa0a8a1b497b!8m2!3d43.2388658!4d27.8428033!16s%2Fg%2F11s618jsnn!19sChIJ52wCnoirpUARe0kbigr6aRk?authuser=0&hl=en&g_ep=EgoyMDI2MTAwNy4wIJJjKgBIAVAD&rclk=1","","","not-reviewed"
"Ц Е Н Т Р А Л - АВТОМОРГА","+359899152377 | +35952503666","град Варна, бул. Ян Хуняди 23 /под музей 'Вл. Варненчик'/","https://centralautomorga.mobile.bg/","https://www.google.com/maps/place/Showroom+and+Avtomorga+CENTRAL/data=!4m7!3m6!1s0x40a454beb543b877:0x9decc166ade6f93b!8m2!3d43.2274682!4d27.8682245!16s%2Fg%2F1tgw8dg7!19sChIJd7hDtb5UpEARO_nmrWbB7J0?authuser=0&hl=en&g_ep=EgoyMDI2MTAwNy4wIJJjKgBIAVAD&rclk=1","","","non-passenger-or-specialist-review"
"Ц Е Н Т Р А Л-АВТОСАЛОН","+35952500177 | +359888602290","град Варна, бул. 'Ян Хуняди' 23 /под музей 'Вл. Варненчик'/","https://centralauto.mobile.bg/","","","","not-reviewed"
"Черно море - внос и търговия с автомобили,","+359888596963 | +35952560733","град Варна, Кръстовището на бул. Цар Освободител и бул. Константин и Фружин","https://chernomore.mobile.bg/","https://www.google.com/maps/place/%D0%90%D0%B2%D1%82%D0%BE%D1%81%D0%B0%D0%BB%D0%BE%D0%BD+%D0%A7%D0%B5%D1%80%D0%BD%D0%BE+%D0%BC%D0%BE%D1%80%D0%B5+CHERNO+MORE+AUTO/data=!4m7!3m6!1s0x40a454b3340da117:0xa5cbddd41b3291f6!8m2!3d43.2365237!4d27.8494223!16s%2Fg%2F11bw5vckpt!19sChIJF6ENNLNUpEAR9pEyG9Tdy6U?authuser=0&hl=en&g_ep=EgoyMDI2MTAwNy4wIJJjKgBIAVAD&rclk=1","clients/chernomore-varna","","existing-client-reuse"
"Aвтосалон МЛАДОСТ - нов внос на автомобили от Швейцария и Германия","+359895462052","град Варна, кв. Владиславово","https://mladost.mobile.bg/","","","","not-reviewed"
"ALLES AUTO","+359888807424","град Варна, Бул.Княз Борис I 127","https://allesauto.mobile.bg/","","","","not-reviewed"
"Alpha motors","+359885855589","град Варна, бул. Цар Освободител 271A","https://alphamotors.mobile.bg/","","","","not-reviewed"
"ATV VARNA GARAGE","+359886068222","град Варна, Варна","https://atvvarna.mobile.bg/","","","","non-passenger-or-specialist-review"
"AUTO GROUP","+359898610786","град Варна, ЗПЗ","https://auto_grup.mobile.bg/","","","","not-reviewed"
"Auto Hub Korea Varna","+359885408899","град Варна, Ул. Иван Вазов 41","https://varnaautohub.mobile.bg/","","","","not-reviewed"
"Auto Insurance Import","+359878601371","град Варна, гр. Варна","https://insautoimport.mobile.bg/","","","","not-reviewed"
"Autofest Car Dealership Varna","","bul. ""Tsar Osvoboditel""","","https://www.google.com/maps/place/Autofest+Car+Dealership+Varna/data=!4m7!3m6!1s0x40a455b648265879:0x8ec551f69a1b2c38!8m2!3d43.2367139!4d27.8504893!16s%2Fg%2F11h02c80bl!19sChIJeVgmSLZVpEAROCwbmvZRxY4?authuser=0&hl=en&g_ep=EgoyMDI2MTAwNy4wIJJjKgBIAVAD&rclk=1","","","needs-city-and-business-type-review"
"Autohouse Auto Bora / Автокъща Ауто Бора","","bul. ""Tsar Osvoboditel"" 227","","https://www.google.com/maps/place/Autohouse+Auto+Bora+%2F+%D0%90%D0%B2%D1%82%D0%BE%D0%BA%D1%8A%D1%89%D0%B0+%D0%90%D1%83%D1%82%D0%BE+%D0%91%D0%BE%D1%80%D0%B0/data=!4m7!3m6!1s0x40a455bf08f7cfdd:0x1502c7948d5c2c93!8m2!3d43.236105!4d27.8519439!16s%2Fg%2F11lk9m8jgp!19sChIJ3c_3CL9VpEARkyxcjZTHAhU?authuser=0&hl=en&g_ep=EgoyMDI2MTAwNy4wIJJjKgBIAVAD&rclk=1","","","needs-city-and-business-type-review"
"AUTOROAD","+359899230001","град Варна, бул. Трети Март 22 Б","https://autoroad.mobile.bg/","","","autoroad-varna","not-reviewed"
"AutoStar","+359887700052","град Варна, Ул. Тодор Радев Пенев 5Д, 9009","https://autostar21.mobile.bg/","https://www.google.com/maps/place/AutoStar/data=!4m7!3m6!1s0x40a5ab007e94051f:0x7008c9506bb35b49!8m2!3d43.2264576!4d27.9029264!16s%2Fg%2F11x2kh4r1p!19sChIJHwWUfgCrpUARSVuza1DJCHA?authuser=0&hl=en&g_ep=EgoyMDI2MTAwNy4wIJJjKgBIAVAD&rclk=1","","","not-reviewed"
"AVANGARD AUTO","+359896391615 | +359877800921","град Варна, бул. Цар Освободител 289","https://avangard-auto.mobile.bg/","","clients/avangard-auto","","existing-client-reuse"
"Avangard Auto Varna","","бул. Цар Освободител 289, Варна","","https://www.google.com/maps/place/Avangard+Auto+Varna/data=!4m7!3m6!1s0x40a455007ab077cb:0x5a1140b539ba4a90!8m2!3d43.2358264!4d27.8512754!16s%2Fg%2F11wr4lm_lm!19sChIJy3ewegBVpEARkEq6ObVAEVo?authuser=0&hl=en&g_ep=EgoyMDI2MTAwNy4wIJJjKgBIAVAD&rclk=1","","","needs-city-and-business-type-review"
"Avtosalon Mix Car","","bul. ""Tsar Osvoboditel"" 227","","https://www.google.com/maps/place/Avtosalon+Mix+Car/data=!4m7!3m6!1s0x40a454b3e6246a3d:0x2c32cf8135f5e3f1!8m2!3d43.2352537!4d27.8563281!16s%2Fg%2F11bx4c5nnj!19sChIJPWok5rNUpEAR8eP1NYHPMiw?authuser=0&hl=en&g_ep=EgoyMDI2MTAwNy4wIJJjKgBIAVAD&rclk=1","","","needs-city-and-business-type-review"
"Axe Cars","+359898467497 | +359879370777","град Варна, Бул. Цар Освободител 302","https://wildivaka.mobile.bg/","","","","not-reviewed"
"BalkanCarVarna","+359888513460 | +359888706421","град Варна, бул. Цар Освободител 548 (на светофара под Джъмбо)","https://balkancarvarna.mobile.bg/","https://www.google.com/maps/place/BalkanCarVarna%2F+%D0%91%D0%B0%D0%BB%D0%BA%D0%B0%D0%BD%D0%BA%D0%B0%D1%80+%D0%92%D0%B0%D1%80%D0%BD%D0%B0/data=!4m7!3m6!1s0x40a5ab352b26af1b:0x829b7ae8269717a!8m2!3d43.2369576!4d27.8494433!16s%2Fg%2F11kbfvhkcm!19sChIJG68mKzWrpUARenFpgq63KQg?authuser=0&hl=en&g_ep=EgoyMDI2MTAwNy4wIJJjKgBIAVAD&rclk=1","","","not-reviewed"
"BIEMAAUТO","+359898670101 | +359878258953","град Варна, Бул.Цар Освободите 202 до изхода на КАТ","https://biemaauto.mobile.bg/","https://www.google.com/maps/place/BIEMA+AUTO/data=!4m7!3m6!1s0x40a45501d5341cfd:0x8a7f74c2da45b9d6!8m2!3d43.2337767!4d27.8685533!16s%2Fg%2F11sdkcv36j!19sChIJ_Rw01QFVpEAR1rlF2sJ0f4o?authuser=0&hl=en&g_ep=EgoyMDI2MTAwNy4wIJJjKgBIAVAD&rclk=1","","","not-reviewed"
"BO-AVTO 1","+359899204282","град Варна, до мебелна къща Явор","https://bo-avto1.mobile.bg/","","","","not-reviewed"
"BORA CAR","+359896699974","град Варна, ж.к. Вл. Варненчик, ул. Янко Мустаков, срещу бл. 303, вх.15, спирка Вихрен","https://bora_car.mobile.bg/","https://www.google.com/maps/place/%D0%91%D0%9E%D0%A0%D0%90+%D0%9A%D0%B0%D1%80/data=!4m7!3m6!1s0x40a5ab0388222ddb:0xd2114ff0497aa2f2!8m2!3d43.2402921!4d27.8451877!16s%2Fg%2F11h__97trr!19sChIJ2y0iiAOrpUAR8qJ6SfBPEdI?authuser=0&hl=en&g_ep=EgoyMDI2MTAwNy4wIJJjKgBIAVAD&rclk=1","","","not-reviewed"
"BUS Center Bulgaria","+359888244000 | +359888527819","град Варна, с. Тополи, изход към крайезерен път","https://buscenter.mobile.bg/","","","","not-reviewed"
"Cali Cars","+359877064339","град Варна, Мест. Боровец Север 2029","https://calicars.mobile.bg/","","","","not-reviewed"
"CAR POINT TRADE LTD","+359883530713","град Варна, бул. Цар Освободител 285","https://carpointtrade.mobile.bg/","https://www.google.com/maps/place/CAR+POINT+TRADE/data=!4m7!3m6!1s0x40a45588012e6815:0x3be1df07474fc2a5!8m2!3d43.2362222!4d27.8516565!16s%2Fg%2F11ms6pdt_t!19sChIJFWguAYhVpEARpcJPRwff4Ts?authuser=0&hl=en&g_ep=EgoyMDI2MTAwNy4wIJJjKgBIAVAD&rclk=1","","car-point-trade-varna","not-reviewed"
"Carcom Toyota Varna","+35952575700","bul. ""Tsar Osvoboditel"" 465","","https://www.google.com/maps/place/Carcom+Toyota+Varna/data=!4m7!3m6!1s0x40a454ed37e47f7b:0xf5a34d507080d701!8m2!3d43.2259588!4d27.9048109!16s%2Fg%2F1tkrk8yh!19sChIJe3_kN-1UpEARAdeAcFBNo_U?authuser=0&hl=en&g_ep=EgoyMDI2MTAwNy4wIJJjKgBIAVAD&rclk=1","","","needs-city-and-business-type-review"
"CARNOVA","+359888865065","град Варна, ул. Тодор Р. Пенев срещу бл.5 вх.Д","https://carnova.mobile.bg/","","","","not-reviewed"
"Champion Auto Pro","+359885072555","град Варна, бул. Цар Освободител 302 /Автомивка Izgi Europe Motor","https://championautopro.mobile.bg/","https://www.google.com/maps/place/Champion+Auto+Pro/data=!4m7!3m6!1s0x40a454b9641ddc55:0xe6f51fd66d516d16!8m2!3d43.2378912!4d27.8470242!16s%2Fg%2F11b77svncs!19sChIJVdwdZLlUpEARFm1RbdYf9eY?authuser=0&hl=en&g_ep=EgoyMDI2MTAwNy4wIJJjKgBIAVAD&rclk=1","clients/champion-auto-pro","","existing-client-reuse"
"CrazyFoxMotors","+359888205488","град Варна, ул. Прилеп 87","https://crazyfoxmotors.mobile.bg/","","","","not-reviewed"
"D&M - Auto Varna","+359898286848","град Варна, бул. Цар Освободител 282","https://dmautovarna.mobile.bg/","https://www.google.com/maps/place/D%26M-Auto+Varna/data=!4m7!3m6!1s0x40a45513f6ef4729:0xe8f9422d6dd70626!8m2!3d43.2359643!4d27.8536512!16s%2Fg%2F11tfcqkf2y!19sChIJKUfv9hNVpEARJgbXbS1C-eg?authuser=0&hl=en&g_ep=EgoyMDI2MTAwNy4wIJJjKgBIAVAD&rclk=1","","dm-auto-varna","not-reviewed"
"Das WeltAuto - Автотрейд ООД","+359887503099 | +35952570755","град Варна, бул. Трети март 59","https://weltauto.mobile.bg/","","","","not-reviewed"
"DREAM DRIVE","+359895395980","град Варна, бул. Цар Освободител 289","https://dreamdrive.mobile.bg/","","","dream-drive-varna","not-reviewed"
"Dynamic Auto Varna","+359889616721","град Варна, бул. Цар Освободител 289","https://dynamicautovarna.mobile.bg/","","","dynamic-auto-varna","not-reviewed"
"Eco Drive","+359897838559","град Варна, Варна","https://ecodrive.mobile.bg/","","","","not-reviewed"
"Eksprescar Mazda Dealer","+35952502500","бул. Владислав Варненчик 322","","https://www.google.com/maps/place/Eksprescar+Mazda+Dealer/data=!4m7!3m6!1s0x40a454a48ae0908f:0x1ddeecba24001633!8m2!3d43.2282267!4d27.8611258!16s%2Fg%2F11b5wnvr8g!19sChIJj5DgiqRUpEARMxYAJLrs3h0?authuser=0&hl=en&g_ep=EgoyMDI2MTAwNy4wIJJjKgBIAVAD&rclk=1","","","needs-city-and-business-type-review"
"Electric Auto","+359879904724","град Варна, ул. Лале 1","https://electricauto.mobile.bg/","","","","not-reviewed"
"ELEXIS CARS","+359899388989","град Варна, ул. Проф. Цани Калянджиев 6","https://elexiscars.mobile.bg/","","","","not-reviewed"
"ELIT AUTO IMPORT EXPORT","+359887777887","град Варна, ПРИЛЕП 74 А","https://elitautoimport.mobile.bg/","","clients/elit-auto-import","","existing-client-reuse"
"ENERGO-PRO GROUP","+359883222606","град Варна, бул. Владислав Варненчик 258","https://energo-pro.mobile.bg/","","","","non-passenger-or-specialist-review"
"Excellent","+359878377562 | +359894883833 | +359895996559","град Варна, бул. Ян Хунияди, ъгъла с Цар Освободител","https://excellent.mobile.bg/","https://www.google.com/maps/place/%D0%95%D0%BA%D1%81%D0%B5%D0%BB%D0%B5%D0%BD%D1%82+%D0%9A%D0%B0%D1%80%D1%81+%23+Excellent+Cars/data=!4m7!3m6!1s0x40a45521183e9523:0xbd53d8a5fa3da8eb!8m2!3d43.2339094!4d27.8706026!16s%2Fg%2F11h22rvqf0!19sChIJI5U-GCFVpEAR66g9-qXYU70?authuser=0&hl=en&g_ep=EgoyMDI2MTAwNy4wIJJjKgBIAVAD&rclk=1","clients/excellent-cars","","existing-client-reuse"
"Exclusive Auto","+359895303009","град Варна, бул. Цар Освободител 176","https://exclusiveauto.mobile.bg/","https://www.google.com/maps/place/%D0%95%D0%9A%D0%A1%D0%9A%D0%9B%D0%A3%D0%97%D0%98%D0%92+%D0%90%D0%A3%D0%A2%D0%9E/data=!4m7!3m6!1s0x40a4551a209f378f:0x6c656624c45b5d13!8m2!3d43.2343213!4d27.8719088!16s%2Fg%2F11j_0v_2h2!19sChIJjzefIBpVpEARE11bxCRmZWw?authuser=0&hl=en&g_ep=EgoyMDI2MTAwNy4wIJJjKgBIAVAD&rclk=1","clients/exclusive-auto-varna | clients/exclusive-auto-varna-research-bak","","existing-client-reuse"
"Garage24","+359885580070","град Варна, р-н Владислав Варненчик","https://garage24.mobile.bg/","","","","not-reviewed"
"Go Fish Boat Service","+359888818151","град Варна, Южна Промишлена Зона","https://gofishboat.mobile.bg/","","","","non-passenger-or-specialist-review"
"i1 Auto ApS","+359899820525","град Варна, срещу КАТ, бул. Ян Хуняди 518","https://i1autodk.mobile.bg/","","","","not-reviewed"
"ISauto Varna- ВНОС,ПО ПОРЪЧКА,ПРОДАЖБА И ЗАМЯНА НА АВТОМОБИЛИ!ЛИЗИНГ!","+359899266666","град Варна, Бизнес парк Варна, Сграда Б6","https://isautovarna.mobile.bg/","https://www.google.com/maps/place/%D0%90%D0%B2%D1%82%D0%BE%D0%BA%D1%8A%D1%89%D0%B0+Is+Auto+%D0%92%D0%B0%D1%80%D0%BD%D0%B0/data=!4m7!3m6!1s0x40a45520cb5c887b:0xa64686169144ae76!8m2!3d43.2276965!4d27.8575333!16s%2Fg%2F11y1yg352v!19sChIJe4hcyyBVpEARdq5EkRaGRqY?authuser=0&hl=en&g_ep=EgoyMDI2MTAwNy4wIJJjKgBIAVAD&rclk=1","clients/isauto-varna","","existing-client-reuse"
"Kalchev Correct","+359879699644 | +359888355102","град Варна, пътя за Побитите камъни, на 200 метра от разклона за с.Тополи, отляво","https://kalchev.mobile.bg/","","","","not-reviewed"
"Kalchev Correct","+359879699644","град Варна, Пътя от Варна посока побити камъни 200м след отбивката за Тополи в ляво","https://kalchev-correct.mobile.bg/","","","","not-reviewed"
"Kolarov Cars","+359876999800","град Варна, Бизнес Парк Варна, сграда В8","https://kolarovcars.mobile.bg/","https://www.google.com/maps/place/Kolarov+Cars/data=!4m7!3m6!1s0x40a455ff006c10f9:0xe85590dbea9388f!8m2!3d43.2267846!4d27.857088!16s%2Fg%2F11rx47hnp8!19sChIJ-RBsAP9VpEARjzipvg1ZhQ4?authuser=0&hl=en&g_ep=EgoyMDI2MTAwNy4wIJJjKgBIAVAD&rclk=1","","kolarov-cars","not-reviewed"
"Kooperatsiya Automotor","+359889882550","бул. „Владислав Варненчик“ 184","","https://www.google.com/maps/place/Kooperatsiya+Automotor/data=!4m7!3m6!1s0x40a454873b1a2135:0xfbacef1fe50dc750!8m2!3d43.219216!4d27.8895451!16s%2Fg%2F1thxtq6q!19sChIJNSEaO4dUpEARUMcN5R_vrPs?authuser=0&hl=en&g_ep=EgoyMDI2MTAwNy4wIJJjKgBIAVAD&rclk=1","","","needs-city-and-business-type-review"
"KRIS AUTO","+359897838666","град Варна, бул. Цар Освободител 313 (до Хидромарк)","https://kris_auto.mobile.bg/","https://www.google.com/maps/place/Avtomorga+Chris+Auto/data=!4m7!3m6!1s0x40a454bad6edc021:0x5bc7057c3757c85a!8m2!3d43.2360115!4d27.8487033!16s%2Fg%2F11g8bxl80y!19sChIJIcDt1rpUpEARWshXN3wFx1s?authuser=0&hl=en&g_ep=EgoyMDI2MTAwNy4wIJJjKgBIAVAD&rclk=1","","","not-reviewed"
"LEGEND AUTO","+359899877305","град Варна, бул. Цар Освободител 289 /срещу МАКАО/","https://legendauto1.mobile.bg/","","clients/legend-auto","","existing-client-reuse"
"LUX MOTORS LTD","+359886070076","град Варна, Трошево","https://luxmotors.mobile.bg/","","","","not-reviewed"
"M Car Varna","+359887246669","град Варна, бул. Владислав Варненчик 320","https://mcarvarna.mobile.bg/","","","","not-reviewed"
"Mateus_auto","+359898549250","град Варна, ул. Цоньо Тодоров до тролейбусно депо","https://mateus_auto.mobile.bg/","","","","not-reviewed"
"Mavro VM","+35952511210","ж.к. Западна промишлена зона 1","","https://www.google.com/maps/place/Mavro+VM/data=!4m7!3m6!1s0x40a454bc5db5dca1:0x35745a209731fa10!8m2!3d43.2246475!4d27.8679351!16s%2Fg%2F1tj5687w!19sChIJody1XbxUpEAREPoxlyBadDU?authuser=0&hl=en&g_ep=EgoyMDI2MTAwNy4wIJJjKgBIAVAD&rclk=1","","","needs-city-and-business-type-review"
"Moto Center Varna","+359885540365","град Варна, ул. ''Нептун'' N:8","https://motocenter-varna.mobile.bg/","","","","non-passenger-or-specialist-review"
"Multi ZaZa","+359887236046","град Варна, ул. Райко Жинзифов","https://multizaza.mobile.bg/","","","","not-reviewed"
"Nordic Auto","+359892453350","град Варна, -","https://nordicautos11.mobile.bg/","","","","not-reviewed"
"NUNKI - 1","+359890426113","град Варна, бул. Цар Освободител 227;9023 планова индустриална зона-Варна","https://nunki-1.mobile.bg/","https://www.google.com/maps/place/%D0%90%D0%B2%D1%82%D0%BE%D0%BA%D1%8A%D1%89%D0%B0+%D0%9D%D1%83%D0%BD%D0%BA%D0%B8-1+%28Nunki-1%29/data=!4m7!3m6!1s0x40a455cedc1c43ed:0xe4e5e0a06333e914!8m2!3d43.2352696!4d27.8548164!16s%2Fg%2F11mxb35r76!19sChIJ7UMc3M5VpEARFOkzY6Dg5eQ?authuser=0&hl=en&g_ep=EgoyMDI2MTAwNy4wIJJjKgBIAVAD&rclk=1","","","not-reviewed"
"Odessos","","","","https://www.google.com/maps/place/Odessos/data=!4m7!3m6!1s0x40a4538cbc3ad5c3:0x37f5ff8fea4c940f!8m2!3d43.2039722!4d27.904285!16s%2Fg%2F11bxdz6vd1!19sChIJw9U6vIxTpEARD5RM6o__9Tc?authuser=0&hl=en&g_ep=EgoyMDI2MTAwNy4wIJJjKgBIAVAD&rclk=1","","","needs-city-and-business-type-review"
"OUTLETCARS.BG-Варна: Лизингови и фирмени автомобили с доказан произход и история","+359898921010","град Варна, Срещу КАТ Варна, бул. Янош Хуняди 518","https://outletcarsvarna.mobile.bg/","https://www.google.com/maps/place/OUTLETCARS.BG/data=!4m7!3m6!1s0x40a455032bc6bc4b:0xaad4755e35a913f0!8m2!3d43.2348102!4d27.8704818!16s%2Fg%2F11qh7jr8w6!19sChIJS7zGKwNVpEAR8BOpNV511Ko?authuser=0&hl=en&g_ep=EgoyMDI2MTAwNy4wIJJjKgBIAVAD&rclk=1","clients/outletcars-varna","","existing-client-reuse"
"Part Mag Cars","+359899960605 | +359897906712","град Варна, гр. Варна","https://partmagcars.mobile.bg/","","","","not-reviewed"
"Pito-Car","+359888603085","Варна, м. Франга Дере 213","","https://www.google.com/maps/place/Pito-Car/data=!4m7!3m6!1s0x40a453f5ec642f31:0x3ffbf90ff7169f6b!8m2!3d43.237729!4d27.9046656!16s%2Fg%2F1tplj6rt!19sChIJMS9k7PVTpEARa58W9w_5-z8?authuser=0&hl=en&g_ep=EgoyMDI2MTAwNy4wIJJjKgBIAVAD&rclk=1","","","needs-city-and-business-type-review"
"PM SELECT AUTOMOTIVE","+359887083275 | +359899225640","град Варна, бул. Цар Освободител 122","https://pmselect.mobile.bg/","","","pm-select-automotive","not-reviewed"
"Porsche NOW Varna","+359889110030","2 улица „Академик Андрей Сахаров“","","https://www.google.com/maps/place/Porsche+NOW+Varna/data=!4m7!3m6!1s0x40a4556e12e1df95:0x45b24b59659825bf!8m2!3d43.217084!4d27.897113!16s%2Fg%2F11j4gzl_51!19sChIJld_hEm5VpEARvyWYZVlLskU?authuser=0&hl=en&g_ep=EgoyMDI2MTAwNy4wIJJjKgBIAVAD&rclk=1","","","needs-city-and-business-type-review"
"Porsche Varna","+35952598010","град Варна, ул. Ян Хуниади 2","https://porschevarna.mobile.bg/","https://www.google.com/maps/place/Porsche+Varna/data=!4m7!3m6!1s0x40a453f4da422abb:0xa8007d037f6b2a8c!8m2!3d43.2242774!4d27.8690967!16s%2Fg%2F1q671n4nt!19sChIJuypC2vRTpEARjCprfwN9AKg?authuser=0&hl=en&g_ep=EgoyMDI2MTAwNy4wIJJjKgBIAVAD&rclk=1","","","not-reviewed"
"PRIME AUTO","+359878751561","град Варна, бул. Цар Освободител 228","https://prime_auto.mobile.bg/","","","prime-auto-varna","not-reviewed"
"Prime Auto Trade Ltd.","+359877434888","град Варна, ул. Хан Севар 5А","https://primeautotrade.mobile.bg/","","","","not-reviewed"
"PRO MOTORS","+359899519164","град Варна, бул. Христо Смирненски","https://promotors82.mobile.bg/","https://www.google.com/maps/place/Pro+Motors/data=!4m7!3m6!1s0x40a4550024e307f3:0xdc9301ae4a2d8d1e!8m2!3d43.2265482!4d27.9059081!16s%2Fg%2F11lt9v6fdd!19sChIJ8wfjJABVpEARHo0tSq4Bk9w?authuser=0&hl=en&g_ep=EgoyMDI2MTAwNy4wIJJjKgBIAVAD&rclk=1","","","not-reviewed"
"Promosale Varna","+359892020208","град Варна, Морска Гара Варна","https://promosale_varna.mobile.bg/","https://www.google.com/maps/place/Promosale+Varna/data=!4m7!3m6!1s0x40a4535a2cff7751:0x9ce88d2194831804!8m2!3d43.1974999!4d27.9189211!16s%2Fg%2F11vf5dvh3f!19sChIJUXf_LFpTpEARBBiDlCGN6Jw?authuser=0&hl=en&g_ep=EgoyMDI2MTAwNy4wIJJjKgBIAVAD&rclk=1","clients/promosale-varna","","existing-client-reuse"
"R.Q.S. Auto - Team","+359876997791","град Варна, бул. Цар Освободител, ДИРЕКТЕН ВНОСИТЕЛ","https://rqsautoteam.mobile.bg/","https://www.google.com/maps/place/Automobile+Trade+Center+%22R.YA.S.+AUTO+-+TEAM%22/data=!4m7!3m6!1s0x40a5ab4c67c94a23:0xeca99a97d41a68b6!8m2!3d43.2354008!4d27.8553708!16s%2Fg%2F11bc7md2hb!19sChIJI0rJZ0yrpUARtmga1Jeaqew?authuser=0&hl=en&g_ep=EgoyMDI2MTAwNy4wIJJjKgBIAVAD&rclk=1","clients/rqs-auto-team","","not-reviewed"
"Renault Варна Алианс Ауто","+35952501103","бул. „Владислав Варненчик“ 262","","https://www.google.com/maps/place/Renault+%D0%92%D0%B0%D1%80%D0%BD%D0%B0+%D0%90%D0%BB%D0%B8%D0%B0%D0%BD%D1%81+%D0%90%D1%83%D1%82%D0%BE/data=!4m7!3m6!1s0x40a4549b865128ab:0x83a5b19b38826f8f!8m2!3d43.2230594!4d27.8700434!16s%2Fg%2F11b7l7vdxx!19sChIJqyhRhptUpEARj2-COJuxpYM?authuser=0&hl=en&g_ep=EgoyMDI2MTAwNy4wIJJjKgBIAVAD&rclk=1","","","needs-city-and-business-type-review"
"RIBBG","+359889436452","град Варна, гр. Варна","https://ribbg.mobile.bg/","","","","non-passenger-or-specialist-review"
"S Trade Parts","+359896447979","град Варна, Гр.Варна, ул.Струга 21","https://stefansti75.mobile.bg/","","","","not-reviewed"
"Saxdor Bulgaria","+359878628777","град Варна, Морска Гара - Варна","https://saxdorbg.mobile.bg/","","","","non-passenger-or-specialist-review"
"SOLARAY MARINE","+359888833228","град Варна, ул. Уста Колю Фичето 39","https://solaray.mobile.bg/","","","","non-passenger-or-specialist-review"
"SOLID AUTO","+359888822676","град Варна, Януш Хуняди 71","https://solidauto.mobile.bg/","","","","not-reviewed"
"TAMPERS.EU","+359878420207","град Варна, 9010 Сотира, ул. Георги Китов Otopleniepro.eu&Сонди Про-Варна","https://tampers.mobile.bg/","","","","non-passenger-or-specialist-review"
"Tomi-Kar","+359878885104","Варна, бул. Цар Освободител","","https://www.google.com/maps/place/Tomi-Kar/data=!4m7!3m6!1s0x40a454ed37e47f7b:0x9afee560793c000c!8m2!3d43.2065666!4d27.9250478!16s%2Fg%2F1tdqy6km!19sChIJe3_kN-1UpEARDAA8eWDl_po?authuser=0&hl=en&g_ep=EgoyMDI2MTAwNy4wIJJjKgBIAVAD&rclk=1","","","needs-city-and-business-type-review"
"Top Autoparts","+359888406374","град Варна, Гр Варна","https://topautoparts.mobile.bg/","","","","not-reviewed"
"topauto","+359893036419","град Варна, Кайсиева градина, до бл. 222","https://topauto.mobile.bg/","","","","not-reviewed"
"VAEN CARS","+359886039057","град Варна, ул. Мусала11","https://vaencars.mobile.bg/","","","","not-reviewed"
"VARNABOATS","+359898528390","град Варна, Южна промишлена зона","https://varnaboats.mobile.bg/","","","","non-passenger-or-specialist-review"
"VarnaParts","+359893968055","град Варна, Варна","https://varnaparts.mobile.bg/","https://www.google.com/maps/place/Varna+Parts/data=!4m7!3m6!1s0x40a5ab966d3e1e9d:0x73eafc6125dbb840!8m2!3d43.2380897!4d27.850022!16s%2Fg%2F11kxhgb072!19sChIJnR4-bZarpUARQLjbJWH86nM?authuser=0&hl=en&g_ep=EgoyMDI2MTAwNy4wIJJjKgBIAVAD&rclk=1","","","non-passenger-or-specialist-review"
"VICHENCA","+359877778669","град Варна, бул. Цал Освободител, третият автосалон откъм летището в ляво","https://vichenca.mobile.bg/","","","","not-reviewed"
"VV Cars","+359898554198 | +359878245522","град Варна, Бул. Цар Освободител - 200 метра след светофара на Дом на камиона - отдясно","https://vvcars.mobile.bg/","","","","not-reviewed"
"WATT a Car","+359887489513","град Варна, ул. 1-ва 95","https://wattacar.mobile.bg/","","","","not-reviewed"
